title,stock,categories
[HG] 00 Gundam Seven Sword/G,In stock,[HG] High Grade
[1/6] Medabots Metabee (Metal Beetle) – Medarot,Only 1 left in stock,Kotobukiya
3D Embossing Tape for Lining – Black – Dymo / Cidy,In stock,Tools
3M Softback Sanding Sponge – Fine,In stock,Tools
3M Softback Sanding Sponge – Micro Fine,In stock,Tools
3M Softback Sanding Sponge – Super Fine,In stock,Tools
Action Base 2 – Sparkle Green,In stock,Action Base & Misc.
Airbrush System for Gundam Marker,In stock,Tools
Atra Mixta – Official IBO Chara Key Chain,Only 1 left in stock,Collectibles
Bandai Spirits Entry Nipper – White,Only 1 left in stock,Tools
[Converge] Bolinoak Sammahn,In stock,Gundam Converge
[Converge] Byg-Zam & Core Booster (Big Zam),In stock,"Collectibles, Gundam Converge"
[Converge] Doven Wolf,In stock,Gundam Converge
[Converge] Gaplant,Only 1 left in stock,Gundam Converge
[Converge] Gerbera Tetra,Only 1 left in stock,Gundam Converge
[Converge] GM Command – #18,Only 1 left in stock,Gundam Converge
[Converge] GM Command Space Type – #18,Only 1 left in stock,Gundam Converge
[Converge] Gogg – #16,Only 1 left in stock,Gundam Converge
[Converge] Gun Blaster – #18,In stock,Gundam Converge
[Converge] Gundam Geminass 01 – #18,In stock,Gundam Converge
[Converge] Gundam GP00 Blossom,Only 1 left in stock,Gundam Converge
[Converge] Kampfer – #18,Only 1 left in stock,Gundam Converge
[Converge] RXF-91A Silhouette Gundam Kai – #15,Only 1 left in stock,Gundam Converge
[Converge] Stark Jegan,Only 1 left in stock,Gundam Converge
[Converge] Victory Two Gundam – #18,In stock,Gundam Converge
[Converge] ZGok / Z’Gok (Char Aznable use) – #15,Only 1 left in stock,Gundam Converge
[Converge] ZGok / Z’Gok (mass production ver.) – #17,In stock,"Collectibles, Gundam Converge"
Ein Dalton – Official IBO Chara Key Chain,Only 1 left in stock,Collectibles
FA-78-1 Full Armor Gundam Head – Exceed Model,Only 1 left in stock,Collectibles
Figure-rise Bust Fumina Hoshino – Ending Ver.,Only 1 left in stock,Non Scale
[Figure Rise] Omnimon / Omegamon (Amplified),In stock,Non Scale
Figure-rise Standard Yuuki Asuna – SAO,In stock,Non Scale
[Figure Rise] Wargreymon (Amplified),In stock,Non Scale
[GFrame] Full Armor Gundam Armor & Frame Set – Vol. 07 / 7,Only 1 left in stock,GFrame
[GFrame] Gelgoog Armor & Frame Set – Vol. 08 / 8,Only 1 left in stock,"Collectibles, GFrame"
[GFrame] Gelgoog (Char use) Armor & Frame set – Vol. 04 / 4,Only 1 left in stock,GFrame
[GFrame] Gundam Ground Type Armor & Frame Set – Vol. 06 / 6,Only 1 left in stock,GFrame
[GFrame] RX-77-2 Guncannon Armor & Frame Set – Vol. 06 / 6,Only 1 left in stock,GFrame
[GFrame] RX-78-4 Gundam Unit 4 G04 Armor & Frame Set – Vol. 07 / 7,In stock,GFrame
[GFrame] RX-78-5 Gundam Unit 5 G05 Armor & Frame Set – Vol. 06 / 6,Only 1 left in stock,GFrame
[GFrame] RX-79[G] Gundam EZ8 Armor & Frame Set – Vol. 08 / 8,Only 1 left in stock,"Collectibles, GFrame"
[GFrame] RX-93 Nu Gundam Armor & Frame Set – Vol. 01 / 1,Only 1 left in stock,"Collectibles, GFrame"
GP Base,In stock,Action Base & Misc.
Gundam Marker Black (GM10),In stock,[GM] Gundam Marker
Gundam Marker Blue (GM06),In stock,[GM] Gundam Marker
Gundam Marker Brush Type – Black (GM20),In stock,[GM] Gundam Marker
Gundam Marker Brush Type – Gray (GM21),In stock,[GM] Gundam Marker
Gundam Marker Eraser (GM300),Only 1 left in stock,[GM] Gundam Marker
Gundam Marker Eye Green (GM09),In stock,[GM] Gundam Marker
Gundam Marker GM-303 Pour Type For Panel Line – Brown,In stock,[GM] Gundam Marker
Gundam Marker Grey (GM12),In stock,[GM] Gundam Marker
Gundam Marker Mecha Gray (GM13),In stock,[GM] Gundam Marker
Gundam Marker Metallic – Meta Blue (GM17),In stock,[GM] Gundam Marker
Gundam Marker Metallic – Meta Green (GM18),In stock,[GM] Gundam Marker
Gundam Marker GM-302 Pour Type for Panel Line – Grey,In stock,[GM] Gundam Marker
Gundam Marker Real Touch – Blurring Pen (GM400),In stock,[GM] Gundam Marker
Gundam Marker Real Touch – Brown 1 (GM407),In stock,[GM] Gundam Marker
Gundam Marker Real Touch – Gray 2 (GM402),In stock,[GM] Gundam Marker
Gundam Marker Real Touch – Gray 3 (GM406),In stock,[GM] Gundam Marker
Gundam Marker Real Touch – Red 1 (GM404),In stock,[GM] Gundam Marker
Gundam Marker Real Touch Set 1,In stock,[GM] Gundam Marker
Gundam Marker Real Touch Set 2,In stock,[GM] Gundam Marker
Gundam Marker Red (GM07),In stock,[GM] Gundam Marker
Gundam Marker Set – Advance,In stock,[GM] Gundam Marker
Gundam Marker Set – SEED Destiny,In stock,[GM] Gundam Marker
Gundam Marker Set (Ultra Thin Pen Point) for Lining – Black & Brown (GM01 + GM03),In stock,[GM] Gundam Marker
Gundam Marker Set (Ultra Thin Pen Point) for Lining – Grey & Brown (GM02 + GM03),In stock,[GM] Gundam Marker
Gundam Marker Set (Ultra Thin Pen Point) for Lining – Black & Grey (GM01 + GM02),In stock,[GM] Gundam Marker
Gundam Marker Set – Zeon,Only 1 left in stock,[GM] Gundam Marker
Gundam Marker Silver (GM05),In stock,[GM] Gundam Marker
Gundam Marker (Ultra Thin Pen Point) for Lining – Black (GM01),In stock,[GM] Gundam Marker
Gundam Marker (Ultra Thin Pen Point) for Lining – Brown (GM03),In stock,[GM] Gundam Marker
Gundam Marker (Ultra Thin Pen Point) for Lining – Grey (GM02),In stock,[GM] Gundam Marker
Gundam Marker White (GM11),In stock,[GM] Gundam Marker
Gundam Marker Yellow (GM08),In stock,[GM] Gundam Marker
[HaroPla] Black Tri Haro,Only 1 left in stock,Non Scale
[HaroPla] Haro Basic Green,Only 1 left in stock,Non Scale
[HaroPla] Haro Control Blue,In stock,Non Scale
[HaroPla] Haro Diva Red,In stock,Non Scale
[HaroPla] Haro Loader,In stock,Non Scale
[HaroPla] Haro Shooting Orange,In stock,Non Scale
[HaroPla] Momo Haro,In stock,Non Scale
[HG] 00 Raiser Designer Color Ver.,Only 1 left in stock,[HG] High Grade
[HG] 00 Raiser (GN Condenser Type),In stock,[HG] High Grade
[HG] 00 Raiser + GN Sword III,In stock,[HG] High Grade
[HG] 00 Raiser – Trans Am,Only 1 left in stock,[HG] High Grade
[HG] Aile Strike Gundam (HGCE),In stock,[HG] High Grade
[HG] Alus Earthree Gundam,In stock,[HG] High Grade
[HG] AMS-119 Geara Doga,Only 1 left in stock,[HG] High Grade
[HG] AMS-129 Geara Zulu (Guards Type),In stock,[HG] High Grade
[HG] Arios Gundam GNHW/M,In stock,[HG] High Grade
[HG] Base Jabber (Unicorn Ver.),Only 1 left in stock,[HG] High Grade
[HG] Changeling Rifle,In stock,[HG] High Grade
[HG] Core Gundam & Marsfour Unit,In stock,[HG] High Grade
[HG] Core Gundam & Veetwo Unit,In stock,[HG] High Grade
[HG] Crossbone Gundam X1,Only 1 left in stock,[HG] High Grade
[HG] Danazine,In stock,[HG] High Grade
[HG] Destiny Gundam (HGCE),In stock,[HG] High Grade
[HG] Earthree Gundam,In stock,[HG] High Grade
[HG] FA-78 Full Armor Gundam (Gundam Thunderbolt Anime Ver.),In stock,[HG] High Grade
[HG] Freedom Gundam (35th Revive),In stock,[HG] High Grade
[HG] Full Armor Unicorn Gundam [Destroy Mode],Only 1 left in stock,[HG] High Grade
[HG] G Bouncer,In stock,[HG] High Grade
[HG] G-Exes,In stock,[HG] High Grade
[HG] G Xiphos,In stock,[HG] High Grade
[HG] GM Custom,In stock,[HG] High Grade
[HG] GM Ground Type,In stock,[HG] High Grade
[HG] GN X III A Laws Type,Only 1 left in stock,[HG] High Grade
[HG] God Gundam,Only 1 left in stock,[HG] High Grade
[HG] Gouf Custom,In stock,[HG] High Grade
[HG] Ground Gundam Type S (Gundam Thunderbolt Anime ver.),Only 1 left in stock,[HG] High Grade
[HG] Gundam 00 Shia Qan[T] (QanT / Quanta),In stock,[HG] High Grade
[HG] Gundam AGE 1 Full Glansa,In stock,[HG] High Grade
[HG] Gundam AGE 1 Normal,In stock,[HG] High Grade
[HG] Gundam AGE 2 Dark Hound,In stock,[HG] High Grade
[HG] Gundam AGE FX,In stock,[HG] High Grade
[HG] Gundam Amazing Exia,In stock,[HG] High Grade
[HG] Gundam Astraea,In stock,[HG] High Grade
[HG] Gundam Astraea Type F,In stock,[HG] High Grade
[HG] Gundam Astray Blue Frame,In stock,[HG] High Grade
[HG] Gundam Astray Blue Frame Second L,Only 1 left in stock,[HG] High Grade
[HG] Gundam Astray No Name,In stock,[HG] High Grade
[HG] Gundam Avalanche Exia,In stock,[HG] High Grade
[HG] Gundam Barbatos Lupus Rex,In stock,[HG] High Grade
[HG] Gundam Delta Kai,Only 1 left in stock,[HG] High Grade
[HG] Gundam Dynames,In stock,[HG] High Grade
[HG] Gundam Exia,In stock,[HG] High Grade
[HG] Gundam Exia Dark Matter,In stock,[HG] High Grade
[HG] Gundam Exia Repair II,In stock,[HG] High Grade
[HG] Gundam Fenice Rinascita,In stock,[HG] High Grade
[HG] Gundam G Else,In stock,[HG] High Grade
[HG] Gundam G-Self Atmospheric Pack,In stock,[HG] High Grade
[HG] Gundam G-Self Perfect Pack,In stock,[HG] High Grade
[HG] Gundam GP Rase Two Ten,In stock,[HG] High Grade
[HG] Gundam Ground Type – Revive,In stock,[HG] High Grade
[HG] Gundam Kyrios,In stock,[HG] High Grade
[HG] Gundam Legilis,In stock,[HG] High Grade
[HG] Gundam Nadleeh,In stock,[HG] High Grade
[HG] Gundam Narrative C Packs,In stock,[HG] High Grade
[HG] Gundam Sandrock (HGAC),In stock,[HG] High Grade
[HG] Gundam Shining Break,In stock,[HG] High Grade
[HG] Gundam Tertium,In stock,[HG] High Grade
HG Gundam The Origin Multiuse Series 2 Bandai Water Decal,Only 1 left in stock,Decal
HG Gundam The Origin Multiuse Series 3 Bandai Water Decal,Only 1 left in stock,Decal
[HG] Gundam Throne Drei,Only 1 left in stock,[HG] High Grade
[HG] Gundam Throne Eins,In stock,[HG] High Grade
[HG] Gundam Vidar,Only 1 left in stock,[HG] High Grade
[HG] Gundam Virtue – Trans Am,In stock,[HG] High Grade
[HG] Gundam Zabanya,In stock,[HG] High Grade
[HG] Gunpla Starter Set Vol.2: RX-78-2 Gundam & Gundam Marker Set,In stock,[HG] High Grade
[HG] Gustav Karl (Unicorn Ver.),In stock,[HG] High Grade
[HG] Impulse Gundam Lancier,Only 1 left in stock,[HG] High Grade
[HG] Infinite Justice Gundam (HGCE),In stock,[HG] High Grade
[HG] Jegan Blast Master (Blastmaster),In stock,[HG] High Grade
[HG] Jesta,In stock,[HG] High Grade
[HG] Jesta Shezarr Type – Team A,Only 1 left in stock,"[HG] High Grade, P-Bandai & Limited Ed."
[HG] Jet Windam (HGCE),In stock,[HG] High Grade
[HG] Jupitive Gundam,Only 1 left in stock,[HG] High Grade
[HG] Justice Knight Gundam,Only 1 left in stock,[HG] High Grade
[HG] MS-18E Kampfer,In stock,[HG] High Grade
[HG] Loto Twin Set,In stock,[HG] High Grade
[HG] Mazinkaiser – Infinitism,In stock,[HG] High Grade
[HG] MS-05S Zaku I – The Origin (Char Aznable use),In stock,[HG] High Grade
[HG] MS-09F DomTropen / Dom Tropen Sand Brown,In stock,[HG] High Grade
[HG] MS-14S Char’s Gelgoog,In stock,[HG] High Grade
[HG] MSM-04G Juaggu Unicorn ver.,In stock,[HG] High Grade
[HG] MSM-04 Acguy,In stock,[HG] High Grade
[HG] MSM-07 ZGok / Z’Gok,In stock,[HG] High Grade
[HG] MSN-04 Sazabi,In stock,[HG] High Grade
[HG] NZ-666 Kshatriya,Only 1 left in stock,[HG] High Grade
[HG] Ogre GN X,Only 1 left in stock,[HG] High Grade
[HG] ORX-005 Gaplant TR-5 (Hrairoo),Only 1 left in stock,[HG] High Grade
[HG] OZ-06MS Leo (HGAC),In stock,[HG] High Grade
[HG] Penelope,Only 1 left in stock,[HG] High Grade
[HG] Raider Gundam (Remaster – R10),Only 1 left in stock,[HG] High Grade
[HG] RGM-79SP GM Sniper II,Only 1 left in stock,[HG] High Grade
[HG] RGM-96X Jesta Cannon,In stock,[HG] High Grade
[HG] Rick Dias (Quattro Custom),In stock,[HG] High Grade
[HG] RX-0 Unicorn Gundam 02 Banshee [Destroy Mode],In stock,[HG] High Grade
[HG] RX-0 Unicorn Gundam [Destroy Mode],In stock,[HG] High Grade
[HG] RX-0 Unicorn Gundam Unicorn Mode + Head Display Base,Only 1 left in stock,[HG] High Grade
[HG] RX-121-1 Gundam TR-1 [Hazel Custom],Only 1 left in stock,[HG] High Grade
[HG] RX-121-2 Gundam TR-1 [Hazel II],Only 1 left in stock,[HG] High Grade
[HG] RX-77-2 Guncannon Revive,Only 1 left in stock,[HG] High Grade
[HG] RX-78-02 Gundam The Origin Ver.,In stock,[HG] High Grade
[HG] RX-78-2 Gundam (Beyond Global),In stock,[HG] High Grade
[HG] RX-78GP01Fb Gundam GP01Fb Full Burnern,In stock,[HG] High Grade
[HG] RX-78GP02A Gundam Physalis,In stock,[HG] High Grade
[HG] RX-78GP03S Gundam GP03S,Only 1 left in stock,[HG] High Grade
[HG] RX-79[G]Ez-8 Gundam Ez8,In stock,[HG] High Grade
[HG] Sinanju Stein Narrative Ver.,In stock,[HG] High Grade
[HG] RGM-89S Stark Jegan,Only 1 left in stock,[HG] High Grade
[HG] Strike Freedom Gundam Revive (HGCE),Only 1 left in stock,[HG] High Grade
[HG] Susanowo,In stock,[HG] High Grade
[HG] SVMS-01O Over Flag,In stock,[HG] High Grade
[HG] Tieren Ground Type,In stock,[HG] High Grade
[HG] Transient Gundam,In stock,[HG] High Grade
[HG] Union Flag Custom (Graham Aker use),Only 1 left in stock,[HG] High Grade
[HG] Union Flag (Mass Production type),In stock,[HG] High Grade
[HG] Uraven Gundam,In stock,[HG] High Grade
[HG] Wodom Pod,In stock,[HG] High Grade
[HG] Zaku Amazing,In stock,[HG] High Grade
[HG] Zaku Half Cannon,Only 1 left in stock,[HG] High Grade
[HG] Zaku I (Denim/Slender Unit),Only 1 left in stock,[HG] High Grade
[HG] Zaku I Sniper Type (Yonem Kirks),Only 1 left in stock,[HG] High Grade
[HG] Zeta Gundam – Gunpla Evolution Project,In stock,[HG] High Grade
[HG] Zeta Plus (Unicorn ver.),In stock,[HG] High Grade
[Hi-RM] Gundam Astray Noir (High Resolution Model / Hi-Res),Only 1 left in stock,[Hi-RM] High Resolution Model
[MG] 00 Qant Full Saber (Qan[T]),In stock,[MG] Master Grade
[MG] 00 Raiser,In stock,[MG] Master Grade
[MG] Aegis Gundam,Only 1 left in stock,[MG] Master Grade
[MG] Aile Strike Gundam Ver. RM,Only 1 left in stock,[MG] Master Grade
[MG] Astray Red Frame Kai,In stock,[MG] Master Grade
[MG] Blast Impulse Gundam (PBandai),In stock,"[MG] Master Grade, P-Bandai & Limited Ed."
[MG] Build Strike Gundam Full Package,Only 1 left in stock,[MG] Master Grade
MG Force Impulse Gundam Bandai Water Decal,Only 1 left in stock,Decal
[MG] Geara Doga,Only 1 left in stock,[MG] Master Grade
[MG] GM Sniper Custom,In stock,[MG] Master Grade
[MG] GNT-0000 00 Qan[T] (QanT / Quanta),In stock,[MG] Master Grade
[MG] Gouf Custom,In stock,[MG] Master Grade
[MG] Guncannon,In stock,[MG] Master Grade
[MG] Gundam Age II (2) Magnum,Only 1 left in stock,[MG] Master Grade
[MG] Gundam Astray Turn Red,Only 1 left in stock,[MG] Master Grade
[MG] Gundam Avalanche Exia Dash,Only 1 left in stock,[MG] Master Grade
[MG] Gundam Deathscythe EW,In stock,[MG] Master Grade
[MG] Gundam Exia,In stock,[MG] Master Grade
[MG] Gundam Exia Ignition Mode,Only 1 left in stock,[MG] Master Grade
[MG] Gundam Heavyarms EW,In stock,[MG] Master Grade
[MG] Gundam Heavyarms EW (Igel Equipment),Only 1 left in stock,[MG] Master Grade
[MG] Gundam Kyrios,In stock,[MG] Master Grade
[MG] Gundam MK II Titans Ver 2.0,Only 1 left in stock,[MG] Master Grade
[MG] Gundam Sandrock EW,In stock,[MG] Master Grade
[MG] Hyakushiki Ver. 2.0,Only 1 left in stock,[MG] Master Grade
[MG] MS-06F Zaku II Ver. 2.0,Only 1 left in stock,[MG] Master Grade
[MG] MS-06S Zaku II Ver. 2.0 (Char Aznable use),Only 1 left in stock,[MG] Master Grade
[MG] MSN-001A1 Delta Plus,In stock,[MG] Master Grade
[MG] PLAN303E Deep Striker,Only 1 left in stock,[MG] Master Grade
[MG] RGM-89 Jegan,Only 1 left in stock,[MG] Master Grade
[MG] RX-0 Unicorn Gundam 02 Banshee,Only 1 left in stock,[MG] Master Grade
[MG] RX-0 Unicorn Gundam (OVA),In stock,[MG] Master Grade
[MG] RX-75 Guntank,Only 1 left in stock,[MG] Master Grade
[MG] RX-78-2 Gundam Ver.3.0,In stock,[MG] Master Grade
[MG] RX-78 GP03S Gundam GP03 Stamen,In stock,[MG] Master Grade
[MG] RX-79(G) Gundam Ground Type,In stock,[MG] Master Grade
[MG] RX-79[G]Ez-8 Gundam Ez8,In stock,[MG] Master Grade
[MG] RX-93 Nu Gundam Ver. Ka,In stock,[MG] Master Grade
[MG] Sazabi Ver. Ka,In stock,[MG] Master Grade
[MG] Shenlong Gundam EW Ver.,Only 1 left in stock,[MG] Master Grade
[MG] Shin Musha Gundam,In stock,[MG] Master Grade
MG Shin Musha Gundam Bandai Water Decal,In stock,Decal
[MG] Shin Musha Gundam ‘Sengoku No Jin’,Only 1 left in stock,[MG] Master Grade
[MG] Sinanju Stein Narrative ver.,In stock,[MG] Master Grade
[MG] Strike Freedom Gundam,In stock,[MG] Master Grade
[MG] Strike Gundam IWSP,Only 1 left in stock,[MG] Master Grade
MG Strike Noir Gundam Bandai Water Decal,Only 1 left in stock,Decal
[MG] Sword Impulse Gundam,Only 1 left in stock,[MG] Master Grade
[MG] Turn A Gundam,In stock,[MG] Master Grade
[MG] Turn X,Only 1 left in stock,[MG] Master Grade
[MG] Wing Gundam EW,In stock,[MG] Master Grade
[MG] Wing Gundam Ver. KA,In stock,[MG] Master Grade
[MG] Wing Gundam Zero Custom,In stock,[MG] Master Grade
Mr. Air Super 190,In stock,Builder Kit
Mr. Design Knife MT-701,In stock,Tools
Mr. Hobby Acrysion N2 – Black,In stock,Paint
Mr. Hobby Acrysion N24 – Orange Yellow,In stock,Paint
Mr. Hobby Acrysion N25 – Sky Blue,In stock,Paint
Mr. Hobby Acrysion N3 – Red,In stock,Paint
Mr. Hobby Acrysion N4 – Yellow,In stock,Paint
Mr. Hobby Acrysion N5 – Blue,In stock,Paint
Mr. Hobby Acrysion N6 – Green,In stock,Paint
Mr. Hobby Acrysion N9 – Gold,In stock,Paint
Mr. Hobby Acrysion Thinner 110ml,In stock,Paint
Mr. Hobby Brush Flat No. 2,Only 1 left in stock,Tools
Mr. Hobby Brush Flat No. 4,In stock,Tools
Mr. Hobby Brush Round No. 2,Only 1 left in stock,Tools
Mr. Hobby Brush Round No. 4,Only 1 left in stock,Tools
Mr. Hobby Color C3 – Red,In stock,Paint
Mr. Hobby Color C305 – Gray FS36118,In stock,Paint
Mr. Hobby Color C48 – Clear Yellow,In stock,Paint
Mr. Hobby Color C58 – Orange Yellow,In stock,Paint
Mr. Hobby Color C59 – Orange,In stock,Paint
Mr. Hobby Color C65 – Bright Blue,In stock,Paint
Mr. Hobby Color C66 – Bright Green,In stock,Paint
Mr. Hobby Color C67 – Purple,In stock,Paint
Mr. Hobby Color C68 – Red Madder,In stock,Paint
Mr. Hobby Color C79 – Shine Red,Only 1 left in stock,Paint
Mr. Hobby – Mr. Cement Deluxe,In stock,Builder Kit
Mr. Masking Tape 10mm x 18m,In stock,Tools
Mr. Masking Tape 6mm x 18m,Only 1 left in stock,Tools
Mr. Premium Top Coat Semi Gloss 88ml – B602,In stock,Builder Kit
Mr. Top Coat Flat 88ml – B503,In stock,Builder Kit
Mr. Top Coat Gloss 88ml – B501,In stock,Builder Kit
Mr. Top Coat Semi Gloss 88ml – B502,In stock,Builder Kit
Mr. Turn Table L,In stock,Builder Kit
Mr. Waterproof Sandpaper FINE set,Only 1 left in stock,Tools
Mr. Waterproof Sandpaper ROUGH set,In stock,Tools
[One Piece] Going Merry,In stock,Non Scale
[One Piece] Going Merry – Grand Ship Collection,In stock,Non Scale
[One Piece] Red Force,Only 1 left in stock,Non Scale
[One Piece] Thousand Sunny – New World Ver.,Only 1 left in stock,Non Scale
Orga Itsuka – Official IBO Chara Key Chain,Only 1 left in stock,Collectibles
[PokePla] Pikachu – Plamo Collection Select Series No. 19,In stock,Non Scale
[RE1/100] Type 89 Base Jabber (Unicorn Ver.),Only 1 left in stock,"[1/100] No Grade & RE, Non Scale, P-Bandai & Limited Ed."
[RG] 00 Raiser,In stock,[RG] Real Grade
RG 00 Raiser Bandai Water Decal,In stock,Decal
[RG] Aile Strike Gundam,In stock,[RG] Real Grade
[RG] Build Strike Gundam Full Package,In stock,[RG] Real Grade
[RG] Crossbone Gundam X1,In stock,[RG] Real Grade
[RG] Destiny Gundam,Only 1 left in stock,[RG] Real Grade
[RG] Force Impulse Gundam,In stock,[RG] Real Grade
[RG] Full Armor Unicorn Gundam,Only 1 left in stock,[RG] Real Grade
[RG] GNT-0000 00 Qan[T] (QanT / Quanta),In stock,[RG] Real Grade
[RG] Gundam Astray Red Frame,In stock,[RG] Real Grade
RG Gundam Astray Red Frame Bandai Water Decal,Only 1 left in stock,Decal
[RG] MS-06F Zaku II (Mass Production),Only 1 left in stock,[RG] Real Grade
[RG] MS-06S Char’s Zaku II (RED),Only 1 left in stock,[RG] Real Grade
[RG] RX-178 Gundam MK II TITANS,In stock,[RG] Real Grade
[RG] RX-78-2 Gundam,In stock,[RG] Real Grade
[RG] RX-78GP01 Gundam GP01 Zephyranthes,In stock,[RG] Real Grade
[RG] RX-78GP01Fb Gundam GP01 Full Burnern,Only 1 left in stock,[RG] Real Grade
[RG] RX-93 Nu Gundam,In stock,[RG] Real Grade
[RG] RX-93 Nu Gundam + Fin Funnel Effect Set,Only 1 left in stock,[RG] Real Grade
[SD] Build Strike Full Gundam Package (BB),In stock,[SD] Super Deformed
[SD] Cross Silhouette Frame Red (SDCS),In stock,[SD] Super Deformed
[SD] Earthree Gundam (SDCS),Only 1 left in stock,[SD] Super Deformed
[SD] EX Valkylander,In stock,[SD] Super Deformed
[SD] Guncannon (BB225),In stock,[SD] Super Deformed
[SD] Gundam Astray Gold Frame (BB),In stock,[SD] Super Deformed
[SD] Gundam Astray Red Frame (BB),In stock,[SD] Super Deformed
[SD] Gundam Barbatos Lupus Rex (SDCS),In stock,[SD] Super Deformed
[SD] Hi Nu Gundam (BB384),Only 1 left in stock,[SD] Super Deformed
[SD] Nightingale (SDCS),Only 1 left in stock,[SD] Super Deformed
[SD] RX-0 Unicorn Gundam (SDCS),In stock,[SD] Super Deformed
[SD] RX-78-2 Gundam & Cross Silhouette Frame Set (SDCS),In stock,[SD] Super Deformed
[SD] RX-93 Nu Gundam,In stock,[SD] Super Deformed
[SD] RX Zeromaru,In stock,[SD] Super Deformed
[SD] SDCS Silhouette Booster (Gray),In stock,[SD] Super Deformed
[SD] Star Winning Gundam,In stock,[SD] Super Deformed
[SD] Valkylander,In stock,[SD] Super Deformed
[SDCS] Freedom Gundam,In stock,[SD] Super Deformed
[SD] Gundam 00 Diver Ace (SDCS),In stock,[SD] Super Deformed
System Base 001 – Gray,Only 1 left in stock,Action Base & Misc.
System Base 001 – Gun Metal Color,Only 1 left in stock,Action Base & Misc.
System Base 001 – White Color,In stock,Action Base & Misc.
Tamiya Design Knife Replacement Blade – 30pcs,In stock,Tools
Tamiya Enamel Thinner X20 – 250ml,In stock,Builder Kit
Tamiya Enamel Thinner X20 – 40ml,In stock,Builder Kit
Tamiya Extra Thin Cement – Quick Setting,In stock,Builder Kit
Tamiya Limonene Cement,In stock,Builder Kit
Tamiya Modeler’s Knife w/ 25pcs Spare Blade,In stock,Tools
Tamiya Modeler’s Knife Replacement Blade – 25pcs,In stock,Tools
Tamiya Panel Line Accent Color – Brown,In stock,Builder Kit
Tamiya Panel Line Accent Color – Dark Brown,In stock,Builder Kit
Tamiya Panel Line Accent Color – Gray,In stock,Builder Kit
Tamiya Panel Line Accent Color – Light Gray,In stock,Builder Kit
Wave File Stick 1000 (Hard) – 10pcs,Only 1 left in stock,Tools
Wave File Stick 1000 (Soft) – 3pcs – HT614,In stock,Tools
Wave File Stick 1200 (Hard) – 10pcs,In stock,Tools
Wave File Stick 1200 (Soft) – 3pcs – HT615,In stock,Tools
Wave File Stick 400 (Soft) – 3pcs – HT611,In stock,Tools
Wave File Stick 600 (Soft) – 3pcs – HT612,In stock,Tools
Wave File Stick 600 Soft – 10pcs (HT-617),Only 1 left in stock,Tools
Wave File Stick 800 Soft – 10pcs (HT-618),Only 1 left in stock,Tools
[Zoids] Liger Zero Jager – Marking Plus Ver.,In stock,Zoids
[Zoids] Liger Zero – Marking Plus Ver.,In stock,Zoids
[Zoids] Liger Zero Panzer – Marking Plus Ver.,In stock,Zoids
